Location_ID,Avg_Season_Temp_C,Total_Rain_mm
BJ,22.96830065359477,429.97
HeB,24.331764705882353,418.85
HN,24.892418300653596,455.20000000000005
JL,18.451045751633988,453.84000000000003
LN,20.515751633986927,525.8
